Log_ID,Datum,Communicatie_Type,Inhoud,Betrokken_Personen
ab18a73a-4cbf-4101-b1f6-25f16e9b378b,2008-05-27 12:00:18,Telefoongesprek,Accusantium eaque quaerat ullam distinctio sunt.,Briana Martin
404624ff-2c19-493b-a682-1266aa020a23,2006-10-30 04:18:10,Sociale Media,Magni temporibus odit mollitia asperiores.,Carolyn Miller
a1570e50-7d4b-4ff6-838f-2e7c38713097,2018-07-01 02:56:53,Email,Repellat voluptates tenetur doloribus veniam aliquam omnis a.,Jonathan Johnson
a7432071-8beb-42b3-b6ce-592a584b2433,1990-12-28 02:05:57,Sociale Media,Cumque sapiente doloribus quo doloremque officiis expedita magni.,Kevin Lane
3edc640a-1904-499a-aeba-2aa75c22b169,1986-05-04 09:51:02,Email,Laborum sed expedita quasi officia ducimus accusantium.,Taylor Campbell
937e3b0b-670b-408c-9c3d-84307ed74310,2008-02-19 10:49:54,Email,Error soluta voluptate quis maxime delectus.,Tammy Nichols
5712dfef-b870-45c2-b4ae-07b6104e8160,1970-04-05 14:31:17,Vergadering,Nostrum dignissimos optio ea earum.,Chelsea Hall
bd1a30bd-49af-4f1c-95ab-d731bcd61b76,2012-08-21 03:35:09,Vergadering,Nihil eos placeat eos ducimus iure repellendus.,Lisa Ray
ab271434-9ca2-4e15-aa79-766f58fcf614,1994-04-17 18:53:32,Sociale Media,Iste maiores itaque magni.,Jeff Hunt MD
e0b45d13-e4cc-4bb3-834c-f422cc99399b,1978-05-10 15:28:17,Email,Libero harum amet in sint facere corporis ratione.,Kayla Barnes
73d3c670-dce9-415d-a816-f8741e401be7,1976-10-14 23:07:16,Sociale Media,Tenetur occaecati unde eos est eum.,Mary Burnett
21a3bdcd-65c1-4f23-977f-19d03a9f7e35,1981-10-14 12:53:10,Telefoongesprek,Dolores fugit culpa eius voluptate.,Alisha Jones
8c58c2f1-92c4-41d3-8d7a-76ee6b7f0c91,1981-01-31 10:16:45,Telefoongesprek,Saepe soluta delectus iusto laudantium possimus facere.,Miranda Fisher
39a51324-5689-4033-9d08-aac08573bed0,2005-11-19 19:20:05,Vergadering,Nihil minima perspiciatis vitae mollitia accusantium.,Katherine Mitchell
6ae7fa2c-3e59-4476-b3a3-77012d29030c,1985-01-30 20:57:12,Telefoongesprek,Quae facilis facilis ipsa corrupti.,Michael Brock
ef01ba51-5c43-4e1e-b6e7-90217ed716d1,1979-12-19 18:50:59,Email,Eum aspernatur assumenda.,Lisa Warner
3b720696-f28e-49bc-8f04-adc276d0a885,2005-11-13 08:45:23,Sociale Media,Dolorem eveniet occaecati aspernatur aspernatur dolorem perspiciatis eveniet.,Kayla Montes
c31bde50-9dd9-45b3-8bab-480bb054d975,1974-03-12 10:30:44,Email,Laboriosam eos voluptate dolorem voluptatibus nulla.,Jesse Mcneil
1c4c1657-74a3-4cf7-81c7-ba3093b369c4,1989-07-12 12:21:42,Vergadering,Ad maxime vero.,Sherry Davis
00f1cf0b-f822-4e67-b705-55f5d94d9fed,2008-11-23 17:48:47,Sociale Media,Modi maxime omnis.,Jamie Harris
655b1abe-96b0-4ac4-8980-d52a7d9730c4,1981-04-22 17:27:26,Email,Soluta ipsam consequuntur fugiat dolores quis nisi.,Brandon Mccarthy
7fb5323b-d135-4f64-a5d2-bace240e08a9,2008-04-21 09:26:14,Vergadering,Nostrum ducimus maiores.,Vanessa Davis
2b3fc335-7d58-499f-ba11-f420feed2509,1998-04-06 13:22:59,Telefoongesprek,Optio a sed et.,Nathan Myers
a46b31f2-3152-4f79-962a-a073da756e9d,2022-01-31 12:37:21,Vergadering,Suscipit magni voluptatibus modi accusamus aspernatur.,Kyle Brown
fd155226-ec88-4213-bdcb-d91c63978b9d,2002-08-14 15:54:40,Sociale Media,Animi quisquam aliquam ut.,Jacob Jones
4f6c2a47-3054-4069-8d60-9c6c573cb449,2004-02-20 05:36:23,Email,Corporis placeat debitis eos.,Edwin Holland
72fca126-1afc-4f7e-93a7-3575027dd4ec,2004-03-26 20:19:42,Sociale Media,Asperiores dolor inventore aliquid dolorem fugit voluptate.,Nicole Carey
e85a0ba2-bc32-4aa7-b5bd-06709a088d26,1972-07-13 09:13:39,Telefoongesprek,Recusandae fugiat illo reprehenderit rerum.,Christina Hart
8647dce5-3775-468d-a2f0-bae88b1fcf45,2020-03-13 03:54:33,Email,Vero animi modi quod modi.,Douglas Cherry
b41bc089-e400-405c-8cd0-4d67635308fe,1985-02-11 04:26:47,Sociale Media,Libero provident sapiente iure maxime aliquam iusto.,Melissa Hensley
bf494a70-ff8e-4a55-808b-f656750d6ee4,1972-08-03 20:37:14,Telefoongesprek,Aspernatur expedita necessitatibus quo delectus ut.,Jason Barber
290d4918-daa7-4189-a161-15914369f4f9,2016-09-21 00:03:53,Email,Ea odit facilis totam laudantium nostrum.,Paul Turner
b8a51e01-a71f-48ca-a518-da3f51d02d9a,1991-05-02 16:34:54,Sociale Media,Fugiat nam deleniti assumenda quasi ullam labore.,Randall Bullock
828554d6-5299-400f-b3c0-49a4c2569050,2019-06-06 07:29:29,Telefoongesprek,Facilis officiis ea nisi.,Matthew Brooks
1fd2821d-36e1-4b5a-adcc-43927dffa41c,1996-06-25 19:43:47,Sociale Media,Culpa sequi accusamus temporibus deleniti neque nisi.,Brian Mathis
b39f0528-90d9-4ade-9400-5196f110f80a,2003-07-22 23:51:14,Sociale Media,Dolorem eligendi porro.,Carrie Bradley
33abf937-0d3f-4177-a886-fbe5ebcb9774,2016-07-27 01:57:25,Vergadering,Iure natus similique nemo occaecati iusto.,Susan Hunter
32f6e0b1-1141-4f41-9eae-bca7317d6489,2000-03-01 20:48:10,Sociale Media,Aut quia incidunt ex suscipit aperiam.,Walter Graham
8142d873-b5ba-4d30-8d6c-1b20b39dc72f,1991-04-08 23:08:33,Telefoongesprek,Praesentium natus accusamus facere.,Thomas Henderson
48d8ffe6-5881-4a0e-8265-3a00f62f65b2,1986-05-01 15:55:16,Sociale Media,Nesciunt voluptatem laboriosam consequatur.,Nicholas Black
304fec31-e748-4d18-af7a-3bf146379478,1989-04-21 08:27:18,Sociale Media,Quo magni hic consequatur perferendis.,Janice Jones
9a69339c-5043-4f1b-b7b7-b6f9b0303faf,1973-10-10 19:49:34,Sociale Media,Tenetur esse saepe saepe eos qui iusto deleniti.,Samantha Salas
e5ea12d2-131a-4d4c-a13a-c750d9aaf632,1992-09-02 09:16:15,Telefoongesprek,Id cum ea asperiores nam deserunt qui amet.,William Marquez
d0ffbbee-84a4-400f-82e2-f81765e0b056,1973-03-02 19:23:06,Vergadering,Asperiores voluptate reprehenderit harum.,Robert Moran
49134112-b836-4231-9591-de7316e282db,2016-01-21 11:48:39,Telefoongesprek,Incidunt molestias esse tenetur ducimus labore.,Laura Phillips
cb30cad8-1639-4dd9-9d6b-53fb19a06987,1992-09-01 20:28:41,Email,Assumenda rem aliquam mollitia dolores.,Eric Schwartz
7b710ed7-8753-420a-ad70-e16298012a93,2008-05-24 20:50:47,Vergadering,Similique quisquam debitis perspiciatis error officiis.,Chad Stephenson
dcec7c0f-06a7-4b89-914d-c49d58e30281,1985-09-13 18:34:22,Vergadering,Libero perspiciatis doloribus hic.,Tommy Tyler
551a6b90-2b55-4c53-8f8e-83f74037512f,2008-06-03 22:42:27,Vergadering,Eum animi accusantium nobis.,Gina Stevens DDS
3b775f34-f1e5-4d27-8dd8-cb2791cfef52,2001-12-10 11:38:31,Telefoongesprek,Aperiam assumenda possimus exercitationem tenetur repellendus odio.,Zachary Taylor
