Evaluatie_ID,Evenement_ID,Datum,Score,Opmerkingen
a533b9db-0780-4050-bc0e-17fa0c0df442,9f18e54f-b667-479d-b2bd-05a311377b82,2023-03-27,8,Quos illum iusto amet dolorem corporis quae.
db8fb841-73d7-4f30-84f6-39bc66dd077c,62f90bcb-a177-4c1e-9d8f-af9c285a928b,2022-12-21,6,Eaque aspernatur doloribus ea exercitationem. Sint voluptates sapiente et voluptatum harum. Inventore quibusdam maxime excepturi nobis.
ee555a8e-902c-4211-9d1d-dcc750e9a424,1cdf9c16-8ffb-4c8e-bf86-17c8bb8f5a51,2022-05-15,5,Vel sed dolorem. Veritatis consequuntur cum doloremque ipsum necessitatibus soluta. Ad laborum provident nihil.
535f5b64-36f5-4b4d-a160-c274c380bbef,0138c7a4-1adf-4eec-b147-4c24470e860f,2023-04-21,3,Ut veritatis autem possimus libero rem. Unde modi quod saepe eveniet incidunt architecto.
1f272906-e8e6-4f71-a2e3-15234193a7b0,f8f7fee7-d168-40b0-827c-086199210028,2022-02-18,10,Eveniet distinctio vel repellat. Voluptates aliquid velit porro est esse modi. Assumenda nobis culpa ullam ad dolorem.
e20a4787-38a6-4f0e-b201-f6826a847b7c,f09dbadf-cabf-4848-bcf1-f3df322b5132,2023-10-27,1,Et quidem facere aliquid culpa. Commodi eius fugit est fugit quos aperiam. Accusantium fugit dolor accusantium ea.
d5486bbc-9852-46a3-9a3d-8a1aa72448cb,e4469498-db21-482c-8f6a-abd9c052bae1,2023-09-03,4,Debitis illo earum saepe culpa dicta. Sed ut hic deserunt natus.
8394a836-f20a-44fa-aa5f-4d694d94ace7,1ee3ccf0-4975-4d5d-a781-b87c22e648e0,2023-08-09,7,Quasi delectus praesentium cupiditate. Repellat quaerat excepturi nobis in labore.
c689b665-aaaa-4bdf-aa44-4504e4aee2d5,e3d4bd18-74bf-4142-b3c4-504b6889c8e2,2022-09-11,9,Occaecati facere dolore repudiandae inventore reprehenderit commodi harum.
1c4ef116-b162-43db-9bfd-089f5fd2a0f6,790d1b56-8be0-48c6-81f1-0ae4aecb0980,2023-06-20,5,Maiores vero error reiciendis quis. Praesentium ducimus commodi voluptatem assumenda debitis.
2a303649-f17b-49c0-afdf-80731aedb14b,3996a528-4295-4831-b23f-36dcfb5dc3ca,2021-12-25,5,Ullam ducimus dolores molestiae. Veniam necessitatibus consectetur illo eius quidem. Itaque ratione enim voluptate.
410fd884-195f-42c2-9ba9-4af582ca9d2a,cac639c0-9b95-4bec-bbfc-c4a87f04f814,2022-06-18,4,Recusandae voluptates labore qui architecto. Repellendus blanditiis nesciunt qui iure quam nihil dolore. Perspiciatis quidem rerum unde eos distinctio. Cumque mollitia mollitia optio veniam.
f6f89bee-bca7-43ed-be1e-93c618f71551,501a2cae-2a2d-4640-9590-ff50febd8afe,2023-03-28,10,Non vel ipsam aspernatur reiciendis. Earum quibusdam ab quod corporis necessitatibus sed. Voluptate nulla ad fuga eaque.
6ca01ac2-1ebd-49ba-ab92-987cc1f0da6d,7bd8b983-588f-4d88-92b4-13af903736d2,2023-08-17,1,Esse hic aliquam quasi deleniti ad iste. Praesentium veniam at eos fugiat reprehenderit. Rem corporis iusto molestiae tenetur.
d6755e5c-aeed-4b3c-9073-b9f6bf9439d3,91f39032-83ae-4610-8002-7091c3bd0d88,2021-11-29,2,Sit odio iure cum quasi magnam aspernatur. Beatae quia nesciunt mollitia blanditiis accusamus reprehenderit repellat.
2499aa72-4420-4e2a-8c20-83c78e88612b,cd098418-f9be-4a5e-9a48-b03075bff9ec,2022-10-12,7,Error quod dignissimos quisquam ipsa error. Iure labore doloribus. Quam tenetur ullam nam.
0f49268e-762a-4859-af4f-4e8debb1745a,6f4bacc4-7d63-4116-9aa6-73f0b8bc9c46,2023-07-30,7,Iusto nesciunt sint laboriosam vel deleniti necessitatibus quas.
369d5f1f-6010-466a-9d26-5a7a04b5e86f,9d43a5f1-8d43-4e1e-a555-e1a00a3d3949,2022-08-21,8,Earum autem nisi ea consequatur dolorem. Facere omnis est dignissimos mollitia at. Ratione natus non facere vel quam.
2c3fb34f-2e97-4b7e-bf88-194fb3b3db43,55c89e16-517e-4a1a-9ed0-ba4781954ac5,2022-01-23,10,Et exercitationem ipsum id consectetur. Recusandae reiciendis harum porro quaerat maiores. Blanditiis illo quo officiis cumque ipsum.
e82ac2e3-365f-4b38-8efb-5814dd2089d1,4358c3fc-1576-4f8c-a995-9ec6d01d053d,2023-02-27,10,Ullam magnam eligendi fuga minus. Minima excepturi explicabo.
7a312e36-88d1-441d-89b7-582536ef92da,3414abbd-a354-4c80-9704-d9e3920df59f,2022-12-07,3,Excepturi mollitia quaerat repellendus. Accusantium assumenda magnam unde illo incidunt eligendi.
4ec399f0-8011-47a3-9d0a-dc7f0fe00509,ee5eb4b5-566a-42cf-9101-50e599d2071f,2022-12-03,10,Nobis nisi vitae. Itaque tempore doloremque assumenda veniam distinctio iure.
c2ec3d65-a743-4fd5-aa52-ba28bf3e4769,e1546322-9aea-4a75-8888-1090bde3e6b6,2023-05-04,3,Dolore aperiam reiciendis excepturi. Harum fugit accusamus amet veniam tempora quaerat vel. Voluptates voluptas dignissimos repellat dolores doloremque deleniti.
65f290ad-5cdc-47fc-9b4f-8fc27956e356,5162fcfe-1bb1-4bd3-9d19-c947630f5d93,2022-10-19,10,Quidem enim aut doloremque inventore velit numquam. Quibusdam assumenda harum quod perspiciatis eius officia. Recusandae alias provident voluptate.
d652af59-f1fa-4d42-81a7-d9ceba256e77,cd082a15-ed22-4881-9655-9fcc236cf917,2022-03-19,9,Ipsa magni facilis esse laborum excepturi adipisci nulla. Illum voluptas hic accusamus vero repellat quia. Expedita omnis maiores facere deserunt nesciunt.
