Incident_ID,Datum,Locatie,Omschrijving,Impact
86cc790b-eb9c-4336-b2c0-3b50311294d7,2022-01-02,Smuid,Quaerat ratione deleniti omnis modi.,Hoog
d4d56b46-e31b-450b-b458-5948b0848ebc,2022-12-26,Hotton,Vel ipsa facilis totam excepturi aspernatur.,Laag
1623ddc9-2c34-4b89-a0fb-83d152ea3b0f,2023-06-07,Robertville,Autem deleniti ex error.,Hoog
4a23c79e-5ab1-4792-8e18-4280b7c849d9,2022-12-27,Assent,Tenetur dignissimos repellendus ipsa eveniet et error.,Laag
aeb3c9c9-e5e7-4aa2-b559-590583693905,2022-05-25,Leerbeek,Quis laborum odio eos accusantium.,Laag
0ba03aab-159c-4d40-9d40-5492979b3998,2022-10-15,Lombise,Ea qui molestias molestias.,Middel
55e4d106-1273-4e20-b8c5-50c40365ae02,2022-07-05,Glabbeek-Zuurbemde,Atque quo dolorum.,Middel
6f88bd7e-5861-47a6-9611-ba4eb7396018,2023-08-12,Thys,Ad delectus debitis totam temporibus quaerat.,Middel
c4b6c8a4-5d51-4016-9aed-9a1f5da97ea6,2022-02-20,Forrières,Fugiat repudiandae deserunt.,Hoog
5272efeb-6e2f-45ce-ad3e-3e0a3268c2b5,2023-08-01,Popuelles,Voluptatum aut consectetur id.,Middel
77a18ac8-5fc9-4ccf-b2c3-29d702271713,2022-06-14,Montbliart,In reprehenderit autem optio dolores.,Middel
2ebe72e3-5a0c-40a9-b76e-57f8a8d0076e,2023-03-28,Bierghes,Eos ipsa aperiam voluptatum rerum enim.,Laag
a9740ed7-bfb3-46eb-9da4-55402e648d92,2023-02-02,Herseaux,Autem laudantium voluptas corporis ad eos doloremque.,Hoog
4a8ad3d4-1a15-480e-aa0b-4ea1ec1c0a8f,2022-11-29,Wortegem,Autem aliquam maxime repellat accusantium.,Middel
27f82f7c-00a1-4769-a42d-789d8957a68e,2023-01-15,Vleteren,Quo ad dignissimos aspernatur eveniet.,Hoog
a53ac167-aa62-4db3-bd26-3dc8fb28c66c,2022-08-14,Tongeren,Laudantium cumque dicta hic quisquam.,Middel
b9e77282-8205-49be-8eb4-4b9195548bff,2023-07-03,Appels,Soluta facere fugit eveniet tenetur.,Laag
bc03f8b0-b972-42e8-b874-e03c06cc911f,2021-12-15,Hautrage,Saepe assumenda reprehenderit distinctio similique.,Hoog
9cac1e5b-b21a-406c-abfe-f546bc615ead,2023-11-17,Wellen,Minus culpa quidem ratione sequi est a.,Middel
f7746122-2c03-4959-a9df-4c95e1156431,2022-09-30,Méan,Doloribus veritatis incidunt doloremque.,Middel
